component,operating_time,failures,failure_rate,mtbf,theta,beta,criticality,recommendation_model
stable_motor,5200.0,2.0,0.0003846153846153846,2600.0,6000.0,1.3,low,exponential
wearing_pump,5100.0,4.0,0.000784313725490196,1275.0,4200.0,2.6,medium,exponential
fragile_sensor,4600.0,5.0,0.0010869565217391304,920.0,3100.0,0.9,high,exponential
heavy_valve,7300.0,3.0,0.00041095890410958907,2433.3333333333335,6800.0,1.8,medium,exponential
aging_bearing,4900.0,6.0,0.0012244897959183673,816.6666666666666,3600.0,3.0,high,exponential
balanced_fan,6100.0,3.0,0.0004918032786885246,2033.3333333333333,5900.0,1.5,low,exponential
